ID,Profile,Property Street,Property City,Property State,Property Zip,ma-addr_line1,ma-city,ma-state,ma-zip,envelope_name,greeting_name,Owner First Name,Owner Last Name,Absentee Owner,DNC,Phone 1,Phone 1 score,Phone 1 type,Phone 2,Phone 2 score,Phone 2 type,Phone 3,Phone 3 score,Phone 3 type,Phone 4,Phone 4 score,Phone 4 type,Phone 5,Phone 5 score,Phone 5 type,Email 1,Email 2,Email 3,Rating,Property Type,Estimated Value,Beds,Baths,SQFT,Last Sold Date,Last Sold Price,Total Rooms,Built Year,Amenities,Property Tax,Adult 1 Age,Adult 1 Occupation,Adult 1 Language,Adult 1 Education Level,Adult 1 Estimated Income,Adult 2 Age,Adult 2 Occupation,Adult 2 Language,Adult 2 Education Level,Children,Number of Children,Children Age,Average Year Built,Average Square Footage,Homes Recently Sold,Homes for Sale,Average Listing Price,Most Common Profile,Average Level of Education,Number of Residents,Average Length of Residence,Mortgage Purchase Amount,Mortgage Lender name,Mortgage term,Est Current Mortgage Value,Est Current Mortgage Value Confidence,P2C,Success Precision,Batch Month,o.rp.trackableurl,o.rp.message,o.rp.qrcode_img
1,School-Age Family,5537 Satinleaf Way ,San Ramon,CA,94582,5537 Satinleaf Way,San Ramon,CA,94582,Abhishek,Abhishek Katoch,Abhishek,Katoch,no,no,4084662016,100,Mobile,,,,,,,,,,,,,,,,3,Condominium,"$3,805,000",3,3,"4,181",02-17-2022,"$3,050,000",10,2004,"Central,Unknown",34,44,Engineers,,Bachelor Degree,"$180,000+",43,,,,Yes,2,"0 to 3 years, 7 to 9 years, ",2004,"5,400",4,0,"$1,510,914",school_age,Bachelor Degree,10,3,,,0,0,,105,3.22,April,https://api.webfluence.dev/x4rNh4N2,,1_x4rNh4N2.png
2,School-Age Family,404 Bridle Ct ,San Ramon,CA,94582,404 Bridle Ct,San Ramon,CA,94582,Rahul,Rahul Iyer,Rahul,Iyer,no,yes,5124025398,100,Land Line,,,,,,,,,,,,,,,,3,Condominium,"$3,452,000",3,3,"4,021",05-13-2022,"$3,521,000",12,2007,"Central,Unknown",40,43,,English,Bachelor Degree,"$180,000+",41,,,,Yes,1,"7 to 9 years, ",2004,"5,400",4,0,"$1,510,914",school_age,Bachelor Degree,10,3,2816,WELLS FARGO BANK NA,360,2729,,105,3.22,April,https://api.webfluence.dev/y5sY2sky,,2_y5sY2sky.png
3,School-Age Family,5590 Satinleaf Way ,San Ramon,CA,94582,5590 Satinleaf Way,San Ramon,CA,94582,Satish,Satish Chandra,Satish,Chandra,no,yes,4087182240,100,Mobile,4083062102,90,Mobile,,,,,,,,,,BNAYLOR@ICAO.INT,CHANDRASATISH@JUNO.COM,SNITHARWAL@GMAIL.COM,3,Condominium,"$3,196,787",4,4,"4,578",05-17-2022,"$3,735,000",12,2005,"Central,Unknown",39,62,,,,"$180,000+",,,,,Yes,1,"7 to 9 years, ",2004,"5,400",4,0,"$1,510,914",school_age,Bachelor Degree,10,3,,,0,0,663,105,3.22,April,https://api.webfluence.dev/Bv9i2aj4,,3_Bv9i2aj4.png
4,Mature Household,1012 Rosamund Dr ,San Ramon,CA,94582,1012 Rosamund Dr,San Ramon,CA,94582,Ashok,Ashok Thirunarayanan,Ashok,Thirunarayanan,no,no,4155746005,95,Mobile,2152354357,90,Land Line,5107588706,85,Land Line,6505746005,80,Land Line,,,,ashoknt@yahoo.com,randyallen454@gmail.com,,3,Residential,"$3,182,750",5,5,"11,300",07-02-2019,"$2,038,500",13,2019,"Unknown,Unknown",26,50,Teacher/Educator,,Some College,"$180,000+",,,,,No,,,2004,"5,400",4,0,"$1,510,914",school_age,Bachelor Degree,10,3,802,LOANDEPOT.COM LLC,180,678,440,105,3.22,April,https://api.webfluence.dev/YsL6K1Fa,,4_YsL6K1Fa.png
5,School-Age Family,214 Sandcherry Ct ,San Ramon,CA,94582,214 Sandcherry Ct,San Ramon,CA,94582,Emem,Emem Ite,Emem,Ite,no,yes,5108615732,100,Mobile,5108898477,95,Land Line,5102650665,90,Land Line,9253344984,85,Mobile,9252896115,80,Mobile,uko_umo@yahoo.com,eduumo@yahoo.com,,3,Residential,"$3,182,250",5,5,"11,300",07-02-2019,"$2,000,500",13,2018,"Central,Unknown",26,46,Retail Sales,,Some College,"$180,000+",,,,,Yes,1,"13 to 15 years, ",2004,"5,400",4,0,"$1,510,914",school_age,Bachelor Degree,10,3,1624,ARC HOME LLC,360,1540,,105,3.22,April,https://api.webfluence.dev/GTdqJtR2,,5_GTdqJtR2.png
